User_1,User_1,9000000001,8000000001,testmail_1@test.com,User1007,Test#123
User_2,User_2,9000000002,8000000002,testmail_2@test.com,User1008,Test#123
User_3,User_3,9000000003,8000000003,testmail_3@test.com,User1009,Test#123
User_4,User_4,9000000004,8000000004,testmail_4@test.com,User1010,Test#123
User_5,User_5,9000000005,8000000005,testmail_5@test.com,User1011,Test#123
User_6,User_6,9000000006,8000000006,testmail_6@test.com,User1012,Test#123
User_7,User_7,9000000007,8000000007,testmail_7@test.com,User1013,Test#123
User_8,User_8,9000000008,8000000008,testmail_8@test.com,User1014,Test#123
User_9,User_9,9000000009,8000000009,testmail_9@test.com,User1015,Test#123
User_10,User_10,9000000010,8000000010,testmail_10@test.com,User1016,Test#123
User_11,User_11,9000000011,8000000011,testmail_11@test.com,User1017,Test#123
User_12,User_12,9000000012,8000000012,testmail_12@test.com,User1018,Test#123
User_13,User_13,9000000013,8000000013,testmail_13@test.com,User1019,Test#123
User_14,User_14,9000000014,8000000014,testmail_14@test.com,User1020,Test#123
User_15,User_15,9000000015,8000000015,testmail_15@test.com,User1021,Test#123
User_16,User_16,9000000016,8000000016,testmail_16@test.com,User1022,Test#123
User_17,User_17,9000000017,8000000017,testmail_17@test.com,User1023,Test#123
User_18,User_18,9000000018,8000000018,testmail_18@test.com,User1024,Test#123
User_19,User_19,9000000019,8000000019,testmail_19@test.com,User1025,Test#123
User_20,User_20,9000000020,8000000020,testmail_20@test.com,User1026,Test#123
User_21,User_21,9000000021,8000000021,testmail_21@test.com,User1027,Test#123
User_22,User_22,9000000022,8000000022,testmail_22@test.com,User1028,Test#123
User_23,User_23,9000000023,8000000023,testmail_23@test.com,User1029,Test#123
User_24,User_24,9000000024,8000000024,testmail_24@test.com,User1030,Test#123
User_25,User_25,9000000025,8000000025,testmail_25@test.com,User1031,Test#123
User_26,User_26,9000000026,8000000026,testmail_26@test.com,User1032,Test#123
User_27,User_27,9000000027,8000000027,testmail_27@test.com,User1033,Test#123
User_28,User_28,9000000028,8000000028,testmail_28@test.com,User1034,Test#123
User_29,User_29,9000000029,8000000029,testmail_29@test.com,User1035,Test#123
User_30,User_30,9000000030,8000000030,testmail_30@test.com,User1036,Test#123
User_31,User_31,9000000031,8000000031,testmail_31@test.com,User1037,Test#123
User_32,User_32,9000000032,8000000032,testmail_32@test.com,User1038,Test#123
User_33,User_33,9000000033,8000000033,testmail_33@test.com,User1039,Test#123
User_34,User_34,9000000034,8000000034,testmail_34@test.com,User1040,Test#123
User_35,User_35,9000000035,8000000035,testmail_35@test.com,User1041,Test#123
User_36,User_36,9000000036,8000000036,testmail_36@test.com,User1042,Test#123
User_37,User_37,9000000037,8000000037,testmail_37@test.com,User1043,Test#123
User_38,User_38,9000000038,8000000038,testmail_38@test.com,User1044,Test#123
User_39,User_39,9000000039,8000000039,testmail_39@test.com,User1045,Test#123
User_40,User_40,9000000040,8000000040,testmail_40@test.com,User1046,Test#123
User_41,User_41,9000000041,8000000041,testmail_41@test.com,User1047,Test#123
User_42,User_42,9000000042,8000000042,testmail_42@test.com,User1048,Test#123
User_43,User_43,9000000043,8000000043,testmail_43@test.com,User1049,Test#123
User_44,User_44,9000000044,8000000044,testmail_44@test.com,User1050,Test#123
User_45,User_45,9000000045,8000000045,testmail_45@test.com,User1051,Test#123
User_46,User_46,9000000046,8000000046,testmail_46@test.com,User1052,Test#123
User_47,User_47,9000000047,8000000047,testmail_47@test.com,User1053,Test#123
User_48,User_48,9000000048,8000000048,testmail_48@test.com,User1054,Test#123
User_49,User_49,9000000049,8000000049,testmail_49@test.com,User1055,Test#123
User_50,User_50,9000000050,8000000050,testmail_50@test.com,User1056,Test#123
User_51,User_51,9000000051,8000000051,testmail_51@test.com,User1057,Test#123
User_52,User_52,9000000052,8000000052,testmail_52@test.com,User1058,Test#123
User_53,User_53,9000000053,8000000053,testmail_53@test.com,User1059,Test#123
User_54,User_54,9000000054,8000000054,testmail_54@test.com,User1060,Test#123
User_55,User_55,9000000055,8000000055,testmail_55@test.com,User1061,Test#123
User_56,User_56,9000000056,8000000056,testmail_56@test.com,User1062,Test#123
User_57,User_57,9000000057,8000000057,testmail_57@test.com,User1063,Test#123
User_58,User_58,9000000058,8000000058,testmail_58@test.com,User1064,Test#123
User_59,User_59,9000000059,8000000059,testmail_59@test.com,User1065,Test#123
User_60,User_60,9000000060,8000000060,testmail_60@test.com,User1066,Test#123
User_61,User_61,9000000061,8000000061,testmail_61@test.com,User1067,Test#123
User_62,User_62,9000000062,8000000062,testmail_62@test.com,User1068,Test#123
User_63,User_63,9000000063,8000000063,testmail_63@test.com,User1069,Test#123
User_64,User_64,9000000064,8000000064,testmail_64@test.com,User1070,Test#123
User_65,User_65,9000000065,8000000065,testmail_65@test.com,User1071,Test#123
User_66,User_66,9000000066,8000000066,testmail_66@test.com,User1072,Test#123
User_67,User_67,9000000067,8000000067,testmail_67@test.com,User1073,Test#123
User_68,User_68,9000000068,8000000068,testmail_68@test.com,User1074,Test#123
User_69,User_69,9000000069,8000000069,testmail_69@test.com,User1075,Test#123
User_70,User_70,9000000070,8000000070,testmail_70@test.com,User1076,Test#123
User_71,User_71,9000000071,8000000071,testmail_71@test.com,User1077,Test#123
User_72,User_72,9000000072,8000000072,testmail_72@test.com,User1078,Test#123
User_73,User_73,9000000073,8000000073,testmail_73@test.com,User1079,Test#123
User_74,User_74,9000000074,8000000074,testmail_74@test.com,User1080,Test#123
User_75,User_75,9000000075,8000000075,testmail_75@test.com,User1081,Test#123
User_76,User_76,9000000076,8000000076,testmail_76@test.com,User1082,Test#123
User_77,User_77,9000000077,8000000077,testmail_77@test.com,User1083,Test#123
User_78,User_78,9000000078,8000000078,testmail_78@test.com,User1084,Test#123
User_79,User_79,9000000079,8000000079,testmail_79@test.com,User1085,Test#123
User_80,User_80,9000000080,8000000080,testmail_80@test.com,User1086,Test#123
User_81,User_81,9000000081,8000000081,testmail_81@test.com,User1087,Test#123
User_82,User_82,9000000082,8000000082,testmail_82@test.com,User1088,Test#123
User_83,User_83,9000000083,8000000083,testmail_83@test.com,User1089,Test#123
User_84,User_84,9000000084,8000000084,testmail_84@test.com,User1090,Test#123
User_85,User_85,9000000085,8000000085,testmail_85@test.com,User1091,Test#123
User_86,User_86,9000000086,8000000086,testmail_86@test.com,User1092,Test#123
User_87,User_87,9000000087,8000000087,testmail_87@test.com,User1093,Test#123
User_88,User_88,9000000088,8000000088,testmail_88@test.com,User1094,Test#123
User_89,User_89,9000000089,8000000089,testmail_89@test.com,User1095,Test#123
User_90,User_90,9000000090,8000000090,testmail_90@test.com,User1096,Test#123
User_91,User_91,9000000091,8000000091,testmail_91@test.com,User1097,Test#123
User_92,User_92,9000000092,8000000092,testmail_92@test.com,User1098,Test#123
User_93,User_93,9000000093,8000000093,testmail_93@test.com,User1099,Test#123
User_94,User_94,9000000094,8000000094,testmail_94@test.com,User1100,Test#123
User_95,User_95,9000000095,8000000095,testmail_95@test.com,User1101,Test#123
User_96,User_96,9000000096,8000000096,testmail_96@test.com,User1102,Test#123
User_97,User_97,9000000097,8000000097,testmail_97@test.com,User1103,Test#123
User_98,User_98,9000000098,8000000098,testmail_98@test.com,User1104,Test#123
User_99,User_99,9000000099,8000000099,testmail_99@test.com,User1105,Test#123
User_100,User_100,9000000100,8000000100,testmail_100@test.com,User1106,Test#123
User_101,User_101,9000000101,8000000101,testmail_101@test.com,User1107,Test#123
User_102,User_102,9000000102,8000000102,testmail_102@test.com,User1108,Test#123
User_103,User_103,9000000103,8000000103,testmail_103@test.com,User1109,Test#123
User_104,User_104,9000000104,8000000104,testmail_104@test.com,User1110,Test#123
User_105,User_105,9000000105,8000000105,testmail_105@test.com,User1111,Test#123
User_106,User_106,9000000106,8000000106,testmail_106@test.com,User1112,Test#123
User_107,User_107,9000000107,8000000107,testmail_107@test.com,User1113,Test#123
User_108,User_108,9000000108,8000000108,testmail_108@test.com,User1114,Test#123
User_109,User_109,9000000109,8000000109,testmail_109@test.com,User1115,Test#123
User_110,User_110,9000000110,8000000110,testmail_110@test.com,User1116,Test#123
User_111,User_111,9000000111,8000000111,testmail_111@test.com,User1117,Test#123
User_112,User_112,9000000112,8000000112,testmail_112@test.com,User1118,Test#123
User_113,User_113,9000000113,8000000113,testmail_113@test.com,User1119,Test#123
User_114,User_114,9000000114,8000000114,testmail_114@test.com,User1120,Test#123
User_115,User_115,9000000115,8000000115,testmail_115@test.com,User1121,Test#123
User_116,User_116,9000000116,8000000116,testmail_116@test.com,User1122,Test#123
User_117,User_117,9000000117,8000000117,testmail_117@test.com,User1123,Test#123
User_118,User_118,9000000118,8000000118,testmail_118@test.com,User1124,Test#123
User_119,User_119,9000000119,8000000119,testmail_119@test.com,User1125,Test#123
User_120,User_120,9000000120,8000000120,testmail_120@test.com,User1126,Test#123
User_121,User_121,9000000121,8000000121,testmail_121@test.com,User1127,Test#123
User_122,User_122,9000000122,8000000122,testmail_122@test.com,User1128,Test#123
User_123,User_123,9000000123,8000000123,testmail_123@test.com,User1129,Test#123
User_124,User_124,9000000124,8000000124,testmail_124@test.com,User1130,Test#123
User_125,User_125,9000000125,8000000125,testmail_125@test.com,User1131,Test#123
User_126,User_126,9000000126,8000000126,testmail_126@test.com,User1132,Test#123
User_127,User_127,9000000127,8000000127,testmail_127@test.com,User1133,Test#123
User_128,User_128,9000000128,8000000128,testmail_128@test.com,User1134,Test#123
User_129,User_129,9000000129,8000000129,testmail_129@test.com,User1135,Test#123
User_130,User_130,9000000130,8000000130,testmail_130@test.com,User1136,Test#123
User_131,User_131,9000000131,8000000131,testmail_131@test.com,User1137,Test#123
User_132,User_132,9000000132,8000000132,testmail_132@test.com,User1138,Test#123
User_133,User_133,9000000133,8000000133,testmail_133@test.com,User1139,Test#123
User_134,User_134,9000000134,8000000134,testmail_134@test.com,User1140,Test#123
User_135,User_135,9000000135,8000000135,testmail_135@test.com,User1141,Test#123
User_136,User_136,9000000136,8000000136,testmail_136@test.com,User1142,Test#123
User_137,User_137,9000000137,8000000137,testmail_137@test.com,User1143,Test#123
User_138,User_138,9000000138,8000000138,testmail_138@test.com,User1144,Test#123
User_139,User_139,9000000139,8000000139,testmail_139@test.com,User1145,Test#123
User_140,User_140,9000000140,8000000140,testmail_140@test.com,User1146,Test#123
User_141,User_141,9000000141,8000000141,testmail_141@test.com,User1147,Test#123
User_142,User_142,9000000142,8000000142,testmail_142@test.com,User1148,Test#123
User_143,User_143,9000000143,8000000143,testmail_143@test.com,User1149,Test#123
User_144,User_144,9000000144,8000000144,testmail_144@test.com,User1150,Test#123
User_145,User_145,9000000145,8000000145,testmail_145@test.com,User1151,Test#123
User_146,User_146,9000000146,8000000146,testmail_146@test.com,User1152,Test#123
User_147,User_147,9000000147,8000000147,testmail_147@test.com,User1153,Test#123
User_148,User_148,9000000148,8000000148,testmail_148@test.com,User1154,Test#123
User_149,User_149,9000000149,8000000149,testmail_149@test.com,User1155,Test#123
User_150,User_150,9000000150,8000000150,testmail_150@test.com,User1156,Test#123
User_151,User_151,9000000151,8000000151,testmail_151@test.com,User1157,Test#123
User_152,User_152,9000000152,8000000152,testmail_152@test.com,User1158,Test#123
User_153,User_153,9000000153,8000000153,testmail_153@test.com,User1159,Test#123
User_154,User_154,9000000154,8000000154,testmail_154@test.com,User1160,Test#123
User_155,User_155,9000000155,8000000155,testmail_155@test.com,User1161,Test#123
User_156,User_156,9000000156,8000000156,testmail_156@test.com,User1162,Test#123
User_157,User_157,9000000157,8000000157,testmail_157@test.com,User1163,Test#123
User_158,User_158,9000000158,8000000158,testmail_158@test.com,User1164,Test#123
User_159,User_159,9000000159,8000000159,testmail_159@test.com,User1165,Test#123
User_160,User_160,9000000160,8000000160,testmail_160@test.com,User1166,Test#123
User_161,User_161,9000000161,8000000161,testmail_161@test.com,User1167,Test#123
User_162,User_162,9000000162,8000000162,testmail_162@test.com,User1168,Test#123
User_163,User_163,9000000163,8000000163,testmail_163@test.com,User1169,Test#123
User_164,User_164,9000000164,8000000164,testmail_164@test.com,User1170,Test#123
User_165,User_165,9000000165,8000000165,testmail_165@test.com,User1171,Test#123
User_166,User_166,9000000166,8000000166,testmail_166@test.com,User1172,Test#123
User_167,User_167,9000000167,8000000167,testmail_167@test.com,User1173,Test#123
User_168,User_168,9000000168,8000000168,testmail_168@test.com,User1174,Test#123
User_169,User_169,9000000169,8000000169,testmail_169@test.com,User1175,Test#123
User_170,User_170,9000000170,8000000170,testmail_170@test.com,User1176,Test#123
User_171,User_171,9000000171,8000000171,testmail_171@test.com,User1177,Test#123
User_172,User_172,9000000172,8000000172,testmail_172@test.com,User1178,Test#123
User_173,User_173,9000000173,8000000173,testmail_173@test.com,User1179,Test#123
User_174,User_174,9000000174,8000000174,testmail_174@test.com,User1180,Test#123
User_175,User_175,9000000175,8000000175,testmail_175@test.com,User1181,Test#123
User_176,User_176,9000000176,8000000176,testmail_176@test.com,User1182,Test#123
User_177,User_177,9000000177,8000000177,testmail_177@test.com,User1183,Test#123
User_178,User_178,9000000178,8000000178,testmail_178@test.com,User1184,Test#123
User_179,User_179,9000000179,8000000179,testmail_179@test.com,User1185,Test#123
User_180,User_180,9000000180,8000000180,testmail_180@test.com,User1186,Test#123
User_181,User_181,9000000181,8000000181,testmail_181@test.com,User1187,Test#123
User_182,User_182,9000000182,8000000182,testmail_182@test.com,User1188,Test#123
User_183,User_183,9000000183,8000000183,testmail_183@test.com,User1189,Test#123
User_184,User_184,9000000184,8000000184,testmail_184@test.com,User1190,Test#123
User_185,User_185,9000000185,8000000185,testmail_185@test.com,User1191,Test#123
User_186,User_186,9000000186,8000000186,testmail_186@test.com,User1192,Test#123
User_187,User_187,9000000187,8000000187,testmail_187@test.com,User1193,Test#123
User_188,User_188,9000000188,8000000188,testmail_188@test.com,User1194,Test#123
User_189,User_189,9000000189,8000000189,testmail_189@test.com,User1195,Test#123
User_190,User_190,9000000190,8000000190,testmail_190@test.com,User1196,Test#123
User_191,User_191,9000000191,8000000191,testmail_191@test.com,User1197,Test#123
User_192,User_192,9000000192,8000000192,testmail_192@test.com,User1198,Test#123
User_193,User_193,9000000193,8000000193,testmail_193@test.com,User1199,Test#123
User_194,User_194,9000000194,8000000194,testmail_194@test.com,User1200,Test#123
User_195,User_195,9000000195,8000000195,testmail_195@test.com,User1201,Test#123
User_196,User_196,9000000196,8000000196,testmail_196@test.com,User1202,Test#123
User_197,User_197,9000000197,8000000197,testmail_197@test.com,User1203,Test#123
User_198,User_198,9000000198,8000000198,testmail_198@test.com,User1204,Test#123
User_199,User_199,9000000199,8000000199,testmail_199@test.com,User1205,Test#123
User_200,User_200,9000000200,8000000200,testmail_200@test.com,User1206,Test#123
User_201,User_201,9000000201,8000000201,testmail_201@test.com,User1207,Test#123
User_202,User_202,9000000202,8000000202,testmail_202@test.com,User1208,Test#123
User_203,User_203,9000000203,8000000203,testmail_203@test.com,User1209,Test#123
User_204,User_204,9000000204,8000000204,testmail_204@test.com,User1210,Test#123
User_205,User_205,9000000205,8000000205,testmail_205@test.com,User1211,Test#123
User_206,User_206,9000000206,8000000206,testmail_206@test.com,User1212,Test#123
User_207,User_207,9000000207,8000000207,testmail_207@test.com,User1213,Test#123
User_208,User_208,9000000208,8000000208,testmail_208@test.com,User1214,Test#123
User_209,User_209,9000000209,8000000209,testmail_209@test.com,User1215,Test#123
User_210,User_210,9000000210,8000000210,testmail_210@test.com,User1216,Test#123
User_211,User_211,9000000211,8000000211,testmail_211@test.com,User1217,Test#123
User_212,User_212,9000000212,8000000212,testmail_212@test.com,User1218,Test#123
User_213,User_213,9000000213,8000000213,testmail_213@test.com,User1219,Test#123
User_214,User_214,9000000214,8000000214,testmail_214@test.com,User1220,Test#123
User_215,User_215,9000000215,8000000215,testmail_215@test.com,User1221,Test#123
User_216,User_216,9000000216,8000000216,testmail_216@test.com,User1222,Test#123
User_217,User_217,9000000217,8000000217,testmail_217@test.com,User1223,Test#123
User_218,User_218,9000000218,8000000218,testmail_218@test.com,User1224,Test#123
User_219,User_219,9000000219,8000000219,testmail_219@test.com,User1225,Test#123
User_220,User_220,9000000220,8000000220,testmail_220@test.com,User1226,Test#123
User_221,User_221,9000000221,8000000221,testmail_221@test.com,User1227,Test#123
User_222,User_222,9000000222,8000000222,testmail_222@test.com,User1228,Test#123
User_223,User_223,9000000223,8000000223,testmail_223@test.com,User1229,Test#123
User_224,User_224,9000000224,8000000224,testmail_224@test.com,User1230,Test#123
User_225,User_225,9000000225,8000000225,testmail_225@test.com,User1231,Test#123
User_226,User_226,9000000226,8000000226,testmail_226@test.com,User1232,Test#123
User_227,User_227,9000000227,8000000227,testmail_227@test.com,User1233,Test#123
User_228,User_228,9000000228,8000000228,testmail_228@test.com,User1234,Test#123
User_229,User_229,9000000229,8000000229,testmail_229@test.com,User1235,Test#123
User_230,User_230,9000000230,8000000230,testmail_230@test.com,User1236,Test#123
User_231,User_231,9000000231,8000000231,testmail_231@test.com,User1237,Test#123
User_232,User_232,9000000232,8000000232,testmail_232@test.com,User1238,Test#123
User_233,User_233,9000000233,8000000233,testmail_233@test.com,User1239,Test#123
User_234,User_234,9000000234,8000000234,testmail_234@test.com,User1240,Test#123
User_235,User_235,9000000235,8000000235,testmail_235@test.com,User1241,Test#123
User_236,User_236,9000000236,8000000236,testmail_236@test.com,User1242,Test#123
User_237,User_237,9000000237,8000000237,testmail_237@test.com,User1243,Test#123
User_238,User_238,9000000238,8000000238,testmail_238@test.com,User1244,Test#123
User_239,User_239,9000000239,8000000239,testmail_239@test.com,User1245,Test#123
User_240,User_240,9000000240,8000000240,testmail_240@test.com,User1246,Test#123
User_241,User_241,9000000241,8000000241,testmail_241@test.com,User1247,Test#123
User_242,User_242,9000000242,8000000242,testmail_242@test.com,User1248,Test#123
User_243,User_243,9000000243,8000000243,testmail_243@test.com,User1249,Test#123
User_244,User_244,9000000244,8000000244,testmail_244@test.com,User1250,Test#123
User_245,User_245,9000000245,8000000245,testmail_245@test.com,User1251,Test#123
User_246,User_246,9000000246,8000000246,testmail_246@test.com,User1252,Test#123
User_247,User_247,9000000247,8000000247,testmail_247@test.com,User1253,Test#123
User_248,User_248,9000000248,8000000248,testmail_248@test.com,User1254,Test#123
User_249,User_249,9000000249,8000000249,testmail_249@test.com,User1255,Test#123
User_250,User_250,9000000250,8000000250,testmail_250@test.com,User1256,Test#123
User_251,User_251,9000000251,8000000251,testmail_251@test.com,User1257,Test#123
User_252,User_252,9000000252,8000000252,testmail_252@test.com,User1258,Test#123
User_253,User_253,9000000253,8000000253,testmail_253@test.com,User1259,Test#123
User_254,User_254,9000000254,8000000254,testmail_254@test.com,User1260,Test#123
User_255,User_255,9000000255,8000000255,testmail_255@test.com,User1261,Test#123
User_256,User_256,9000000256,8000000256,testmail_256@test.com,User1262,Test#123
User_257,User_257,9000000257,8000000257,testmail_257@test.com,User1263,Test#123
User_258,User_258,9000000258,8000000258,testmail_258@test.com,User1264,Test#123
User_259,User_259,9000000259,8000000259,testmail_259@test.com,User1265,Test#123
User_260,User_260,9000000260,8000000260,testmail_260@test.com,User1266,Test#123
User_261,User_261,9000000261,8000000261,testmail_261@test.com,User1267,Test#123
User_262,User_262,9000000262,8000000262,testmail_262@test.com,User1268,Test#123
User_263,User_263,9000000263,8000000263,testmail_263@test.com,User1269,Test#123
User_264,User_264,9000000264,8000000264,testmail_264@test.com,User1270,Test#123
User_265,User_265,9000000265,8000000265,testmail_265@test.com,User1271,Test#123
User_266,User_266,9000000266,8000000266,testmail_266@test.com,User1272,Test#123
User_267,User_267,9000000267,8000000267,testmail_267@test.com,User1273,Test#123
User_268,User_268,9000000268,8000000268,testmail_268@test.com,User1274,Test#123
User_269,User_269,9000000269,8000000269,testmail_269@test.com,User1275,Test#123
User_270,User_270,9000000270,8000000270,testmail_270@test.com,User1276,Test#123
User_271,User_271,9000000271,8000000271,testmail_271@test.com,User1277,Test#123
User_272,User_272,9000000272,8000000272,testmail_272@test.com,User1278,Test#123
User_273,User_273,9000000273,8000000273,testmail_273@test.com,User1279,Test#123
User_274,User_274,9000000274,8000000274,testmail_274@test.com,User1280,Test#123
User_275,User_275,9000000275,8000000275,testmail_275@test.com,User1281,Test#123
User_276,User_276,9000000276,8000000276,testmail_276@test.com,User1282,Test#123
User_277,User_277,9000000277,8000000277,testmail_277@test.com,User1283,Test#123
User_278,User_278,9000000278,8000000278,testmail_278@test.com,User1284,Test#123
User_279,User_279,9000000279,8000000279,testmail_279@test.com,User1285,Test#123
User_280,User_280,9000000280,8000000280,testmail_280@test.com,User1286,Test#123
User_281,User_281,9000000281,8000000281,testmail_281@test.com,User1287,Test#123
User_282,User_282,9000000282,8000000282,testmail_282@test.com,User1288,Test#123
User_283,User_283,9000000283,8000000283,testmail_283@test.com,User1289,Test#123
User_284,User_284,9000000284,8000000284,testmail_284@test.com,User1290,Test#123
User_285,User_285,9000000285,8000000285,testmail_285@test.com,User1291,Test#123
User_286,User_286,9000000286,8000000286,testmail_286@test.com,User1292,Test#123
User_287,User_287,9000000287,8000000287,testmail_287@test.com,User1293,Test#123
User_288,User_288,9000000288,8000000288,testmail_288@test.com,User1294,Test#123
User_289,User_289,9000000289,8000000289,testmail_289@test.com,User1295,Test#123
User_290,User_290,9000000290,8000000290,testmail_290@test.com,User1296,Test#123
User_291,User_291,9000000291,8000000291,testmail_291@test.com,User1297,Test#123
User_292,User_292,9000000292,8000000292,testmail_292@test.com,User1298,Test#123
User_293,User_293,9000000293,8000000293,testmail_293@test.com,User1299,Test#123
User_294,User_294,9000000294,8000000294,testmail_294@test.com,User1300,Test#123
User_295,User_295,9000000295,8000000295,testmail_295@test.com,User1301,Test#123
User_296,User_296,9000000296,8000000296,testmail_296@test.com,User1302,Test#123
User_297,User_297,9000000297,8000000297,testmail_297@test.com,User1303,Test#123
User_298,User_298,9000000298,8000000298,testmail_298@test.com,User1304,Test#123
User_299,User_299,9000000299,8000000299,testmail_299@test.com,User1305,Test#123
User_300,User_300,9000000300,8000000300,testmail_300@test.com,User1306,Test#123
User_301,User_301,9000000301,8000000301,testmail_301@test.com,User1307,Test#123
User_302,User_302,9000000302,8000000302,testmail_302@test.com,User1308,Test#123
User_303,User_303,9000000303,8000000303,testmail_303@test.com,User1309,Test#123
User_304,User_304,9000000304,8000000304,testmail_304@test.com,User1310,Test#123
User_305,User_305,9000000305,8000000305,testmail_305@test.com,User1311,Test#123
User_306,User_306,9000000306,8000000306,testmail_306@test.com,User1312,Test#123
User_307,User_307,9000000307,8000000307,testmail_307@test.com,User1313,Test#123
User_308,User_308,9000000308,8000000308,testmail_308@test.com,User1314,Test#123
User_309,User_309,9000000309,8000000309,testmail_309@test.com,User1315,Test#123
User_310,User_310,9000000310,8000000310,testmail_310@test.com,User1316,Test#123
User_311,User_311,9000000311,8000000311,testmail_311@test.com,User1317,Test#123
User_312,User_312,9000000312,8000000312,testmail_312@test.com,User1318,Test#123
User_313,User_313,9000000313,8000000313,testmail_313@test.com,User1319,Test#123
User_314,User_314,9000000314,8000000314,testmail_314@test.com,User1320,Test#123
User_315,User_315,9000000315,8000000315,testmail_315@test.com,User1321,Test#123
User_316,User_316,9000000316,8000000316,testmail_316@test.com,User1322,Test#123
User_317,User_317,9000000317,8000000317,testmail_317@test.com,User1323,Test#123
User_318,User_318,9000000318,8000000318,testmail_318@test.com,User1324,Test#123
User_319,User_319,9000000319,8000000319,testmail_319@test.com,User1325,Test#123
User_320,User_320,9000000320,8000000320,testmail_320@test.com,User1326,Test#123
User_321,User_321,9000000321,8000000321,testmail_321@test.com,User1327,Test#123
User_322,User_322,9000000322,8000000322,testmail_322@test.com,User1328,Test#123
User_323,User_323,9000000323,8000000323,testmail_323@test.com,User1329,Test#123
User_324,User_324,9000000324,8000000324,testmail_324@test.com,User1330,Test#123
User_325,User_325,9000000325,8000000325,testmail_325@test.com,User1331,Test#123
User_326,User_326,9000000326,8000000326,testmail_326@test.com,User1332,Test#123
User_327,User_327,9000000327,8000000327,testmail_327@test.com,User1333,Test#123
User_328,User_328,9000000328,8000000328,testmail_328@test.com,User1334,Test#123
User_329,User_329,9000000329,8000000329,testmail_329@test.com,User1335,Test#123
User_330,User_330,9000000330,8000000330,testmail_330@test.com,User1336,Test#123
User_331,User_331,9000000331,8000000331,testmail_331@test.com,User1337,Test#123
User_332,User_332,9000000332,8000000332,testmail_332@test.com,User1338,Test#123
User_333,User_333,9000000333,8000000333,testmail_333@test.com,User1339,Test#123
User_334,User_334,9000000334,8000000334,testmail_334@test.com,User1340,Test#123
User_335,User_335,9000000335,8000000335,testmail_335@test.com,User1341,Test#123
User_336,User_336,9000000336,8000000336,testmail_336@test.com,User1342,Test#123
User_337,User_337,9000000337,8000000337,testmail_337@test.com,User1343,Test#123
User_338,User_338,9000000338,8000000338,testmail_338@test.com,User1344,Test#123
User_339,User_339,9000000339,8000000339,testmail_339@test.com,User1345,Test#123
User_340,User_340,9000000340,8000000340,testmail_340@test.com,User1346,Test#123
User_341,User_341,9000000341,8000000341,testmail_341@test.com,User1347,Test#123
User_342,User_342,9000000342,8000000342,testmail_342@test.com,User1348,Test#123
User_343,User_343,9000000343,8000000343,testmail_343@test.com,User1349,Test#123
User_344,User_344,9000000344,8000000344,testmail_344@test.com,User1350,Test#123
User_345,User_345,9000000345,8000000345,testmail_345@test.com,User1351,Test#123
User_346,User_346,9000000346,8000000346,testmail_346@test.com,User1352,Test#123
User_347,User_347,9000000347,8000000347,testmail_347@test.com,User1353,Test#123
User_348,User_348,9000000348,8000000348,testmail_348@test.com,User1354,Test#123
User_349,User_349,9000000349,8000000349,testmail_349@test.com,User1355,Test#123
User_350,User_350,9000000350,8000000350,testmail_350@test.com,User1356,Test#123
User_351,User_351,9000000351,8000000351,testmail_351@test.com,User1357,Test#123
User_352,User_352,9000000352,8000000352,testmail_352@test.com,User1358,Test#123
User_353,User_353,9000000353,8000000353,testmail_353@test.com,User1359,Test#123
User_354,User_354,9000000354,8000000354,testmail_354@test.com,User1360,Test#123
User_355,User_355,9000000355,8000000355,testmail_355@test.com,User1361,Test#123
User_356,User_356,9000000356,8000000356,testmail_356@test.com,User1362,Test#123
User_357,User_357,9000000357,8000000357,testmail_357@test.com,User1363,Test#123
User_358,User_358,9000000358,8000000358,testmail_358@test.com,User1364,Test#123
User_359,User_359,9000000359,8000000359,testmail_359@test.com,User1365,Test#123
User_360,User_360,9000000360,8000000360,testmail_360@test.com,User1366,Test#123
User_361,User_361,9000000361,8000000361,testmail_361@test.com,User1367,Test#123
User_362,User_362,9000000362,8000000362,testmail_362@test.com,User1368,Test#123
User_363,User_363,9000000363,8000000363,testmail_363@test.com,User1369,Test#123
User_364,User_364,9000000364,8000000364,testmail_364@test.com,User1370,Test#123
User_365,User_365,9000000365,8000000365,testmail_365@test.com,User1371,Test#123
User_366,User_366,9000000366,8000000366,testmail_366@test.com,User1372,Test#123
User_367,User_367,9000000367,8000000367,testmail_367@test.com,User1373,Test#123
User_368,User_368,9000000368,8000000368,testmail_368@test.com,User1374,Test#123
User_369,User_369,9000000369,8000000369,testmail_369@test.com,User1375,Test#123
User_370,User_370,9000000370,8000000370,testmail_370@test.com,User1376,Test#123
User_371,User_371,9000000371,8000000371,testmail_371@test.com,User1377,Test#123
User_372,User_372,9000000372,8000000372,testmail_372@test.com,User1378,Test#123
User_373,User_373,9000000373,8000000373,testmail_373@test.com,User1379,Test#123
User_374,User_374,9000000374,8000000374,testmail_374@test.com,User1380,Test#123
User_375,User_375,9000000375,8000000375,testmail_375@test.com,User1381,Test#123
User_376,User_376,9000000376,8000000376,testmail_376@test.com,User1382,Test#123
User_377,User_377,9000000377,8000000377,testmail_377@test.com,User1383,Test#123
User_378,User_378,9000000378,8000000378,testmail_378@test.com,User1384,Test#123
User_379,User_379,9000000379,8000000379,testmail_379@test.com,User1385,Test#123
User_380,User_380,9000000380,8000000380,testmail_380@test.com,User1386,Test#123
User_381,User_381,9000000381,8000000381,testmail_381@test.com,User1387,Test#123
User_382,User_382,9000000382,8000000382,testmail_382@test.com,User1388,Test#123
User_383,User_383,9000000383,8000000383,testmail_383@test.com,User1389,Test#123
User_384,User_384,9000000384,8000000384,testmail_384@test.com,User1390,Test#123
User_385,User_385,9000000385,8000000385,testmail_385@test.com,User1391,Test#123
User_386,User_386,9000000386,8000000386,testmail_386@test.com,User1392,Test#123
User_387,User_387,9000000387,8000000387,testmail_387@test.com,User1393,Test#123
User_388,User_388,9000000388,8000000388,testmail_388@test.com,User1394,Test#123
User_389,User_389,9000000389,8000000389,testmail_389@test.com,User1395,Test#123
User_390,User_390,9000000390,8000000390,testmail_390@test.com,User1396,Test#123
User_391,User_391,9000000391,8000000391,testmail_391@test.com,User1397,Test#123
User_392,User_392,9000000392,8000000392,testmail_392@test.com,User1398,Test#123
User_393,User_393,9000000393,8000000393,testmail_393@test.com,User1399,Test#123
User_394,User_394,9000000394,8000000394,testmail_394@test.com,User1400,Test#123
User_395,User_395,9000000395,8000000395,testmail_395@test.com,User1401,Test#123
User_396,User_396,9000000396,8000000396,testmail_396@test.com,User1402,Test#123
User_397,User_397,9000000397,8000000397,testmail_397@test.com,User1403,Test#123
User_398,User_398,9000000398,8000000398,testmail_398@test.com,User1404,Test#123
User_399,User_399,9000000399,8000000399,testmail_399@test.com,User1405,Test#123
User_400,User_400,9000000400,8000000400,testmail_400@test.com,User1406,Test#123
User_401,User_401,9000000401,8000000401,testmail_401@test.com,User1407,Test#123
User_402,User_402,9000000402,8000000402,testmail_402@test.com,User1408,Test#123
User_403,User_403,9000000403,8000000403,testmail_403@test.com,User1409,Test#123
User_404,User_404,9000000404,8000000404,testmail_404@test.com,User1410,Test#123
User_405,User_405,9000000405,8000000405,testmail_405@test.com,User1411,Test#123
User_406,User_406,9000000406,8000000406,testmail_406@test.com,User1412,Test#123
User_407,User_407,9000000407,8000000407,testmail_407@test.com,User1413,Test#123
User_408,User_408,9000000408,8000000408,testmail_408@test.com,User1414,Test#123
User_409,User_409,9000000409,8000000409,testmail_409@test.com,User1415,Test#123
User_410,User_410,9000000410,8000000410,testmail_410@test.com,User1416,Test#123
User_411,User_411,9000000411,8000000411,testmail_411@test.com,User1417,Test#123
User_412,User_412,9000000412,8000000412,testmail_412@test.com,User1418,Test#123
User_413,User_413,9000000413,8000000413,testmail_413@test.com,User1419,Test#123
User_414,User_414,9000000414,8000000414,testmail_414@test.com,User1420,Test#123
User_415,User_415,9000000415,8000000415,testmail_415@test.com,User1421,Test#123
User_416,User_416,9000000416,8000000416,testmail_416@test.com,User1422,Test#123
User_417,User_417,9000000417,8000000417,testmail_417@test.com,User1423,Test#123
User_418,User_418,9000000418,8000000418,testmail_418@test.com,User1424,Test#123
User_419,User_419,9000000419,8000000419,testmail_419@test.com,User1425,Test#123
User_420,User_420,9000000420,8000000420,testmail_420@test.com,User1426,Test#123
User_421,User_421,9000000421,8000000421,testmail_421@test.com,User1427,Test#123
User_422,User_422,9000000422,8000000422,testmail_422@test.com,User1428,Test#123
User_423,User_423,9000000423,8000000423,testmail_423@test.com,User1429,Test#123
User_424,User_424,9000000424,8000000424,testmail_424@test.com,User1430,Test#123
User_425,User_425,9000000425,8000000425,testmail_425@test.com,User1431,Test#123
User_426,User_426,9000000426,8000000426,testmail_426@test.com,User1432,Test#123
User_427,User_427,9000000427,8000000427,testmail_427@test.com,User1433,Test#123
User_428,User_428,9000000428,8000000428,testmail_428@test.com,User1434,Test#123
User_429,User_429,9000000429,8000000429,testmail_429@test.com,User1435,Test#123
User_430,User_430,9000000430,8000000430,testmail_430@test.com,User1436,Test#123
User_431,User_431,9000000431,8000000431,testmail_431@test.com,User1437,Test#123
User_432,User_432,9000000432,8000000432,testmail_432@test.com,User1438,Test#123
User_433,User_433,9000000433,8000000433,testmail_433@test.com,User1439,Test#123
User_434,User_434,9000000434,8000000434,testmail_434@test.com,User1440,Test#123
User_435,User_435,9000000435,8000000435,testmail_435@test.com,User1441,Test#123
User_436,User_436,9000000436,8000000436,testmail_436@test.com,User1442,Test#123
User_437,User_437,9000000437,8000000437,testmail_437@test.com,User1443,Test#123
User_438,User_438,9000000438,8000000438,testmail_438@test.com,User1444,Test#123
User_439,User_439,9000000439,8000000439,testmail_439@test.com,User1445,Test#123
User_440,User_440,9000000440,8000000440,testmail_440@test.com,User1446,Test#123
User_441,User_441,9000000441,8000000441,testmail_441@test.com,User1447,Test#123
User_442,User_442,9000000442,8000000442,testmail_442@test.com,User1448,Test#123
User_443,User_443,9000000443,8000000443,testmail_443@test.com,User1449,Test#123
User_444,User_444,9000000444,8000000444,testmail_444@test.com,User1450,Test#123
User_445,User_445,9000000445,8000000445,testmail_445@test.com,User1451,Test#123
User_446,User_446,9000000446,8000000446,testmail_446@test.com,User1452,Test#123
User_447,User_447,9000000447,8000000447,testmail_447@test.com,User1453,Test#123
User_448,User_448,9000000448,8000000448,testmail_448@test.com,User1454,Test#123
User_449,User_449,9000000449,8000000449,testmail_449@test.com,User1455,Test#123
User_450,User_450,9000000450,8000000450,testmail_450@test.com,User1456,Test#123
User_451,User_451,9000000451,8000000451,testmail_451@test.com,User1457,Test#123
User_452,User_452,9000000452,8000000452,testmail_452@test.com,User1458,Test#123
User_453,User_453,9000000453,8000000453,testmail_453@test.com,User1459,Test#123
User_454,User_454,9000000454,8000000454,testmail_454@test.com,User1460,Test#123
User_455,User_455,9000000455,8000000455,testmail_455@test.com,User1461,Test#123
User_456,User_456,9000000456,8000000456,testmail_456@test.com,User1462,Test#123
User_457,User_457,9000000457,8000000457,testmail_457@test.com,User1463,Test#123
User_458,User_458,9000000458,8000000458,testmail_458@test.com,User1464,Test#123
User_459,User_459,9000000459,8000000459,testmail_459@test.com,User1465,Test#123
User_460,User_460,9000000460,8000000460,testmail_460@test.com,User1466,Test#123
User_461,User_461,9000000461,8000000461,testmail_461@test.com,User1467,Test#123
User_462,User_462,9000000462,8000000462,testmail_462@test.com,User1468,Test#123
User_463,User_463,9000000463,8000000463,testmail_463@test.com,User1469,Test#123
User_464,User_464,9000000464,8000000464,testmail_464@test.com,User1470,Test#123
User_465,User_465,9000000465,8000000465,testmail_465@test.com,User1471,Test#123
User_466,User_466,9000000466,8000000466,testmail_466@test.com,User1472,Test#123
User_467,User_467,9000000467,8000000467,testmail_467@test.com,User1473,Test#123
User_468,User_468,9000000468,8000000468,testmail_468@test.com,User1474,Test#123
User_469,User_469,9000000469,8000000469,testmail_469@test.com,User1475,Test#123
User_470,User_470,9000000470,8000000470,testmail_470@test.com,User1476,Test#123
User_471,User_471,9000000471,8000000471,testmail_471@test.com,User1477,Test#123
User_472,User_472,9000000472,8000000472,testmail_472@test.com,User1478,Test#123
User_473,User_473,9000000473,8000000473,testmail_473@test.com,User1479,Test#123
User_474,User_474,9000000474,8000000474,testmail_474@test.com,User1480,Test#123
User_475,User_475,9000000475,8000000475,testmail_475@test.com,User1481,Test#123
User_476,User_476,9000000476,8000000476,testmail_476@test.com,User1482,Test#123
User_477,User_477,9000000477,8000000477,testmail_477@test.com,User1483,Test#123
User_478,User_478,9000000478,8000000478,testmail_478@test.com,User1484,Test#123
User_479,User_479,9000000479,8000000479,testmail_479@test.com,User1485,Test#123
User_480,User_480,9000000480,8000000480,testmail_480@test.com,User1486,Test#123
User_481,User_481,9000000481,8000000481,testmail_481@test.com,User1487,Test#123
User_482,User_482,9000000482,8000000482,testmail_482@test.com,User1488,Test#123
User_483,User_483,9000000483,8000000483,testmail_483@test.com,User1489,Test#123
User_484,User_484,9000000484,8000000484,testmail_484@test.com,User1490,Test#123
User_485,User_485,9000000485,8000000485,testmail_485@test.com,User1491,Test#123
User_486,User_486,9000000486,8000000486,testmail_486@test.com,User1492,Test#123
User_487,User_487,9000000487,8000000487,testmail_487@test.com,User1493,Test#123
User_488,User_488,9000000488,8000000488,testmail_488@test.com,User1494,Test#123
User_489,User_489,9000000489,8000000489,testmail_489@test.com,User1495,Test#123
User_490,User_490,9000000490,8000000490,testmail_490@test.com,User1496,Test#123
User_491,User_491,9000000491,8000000491,testmail_491@test.com,User1497,Test#123
User_492,User_492,9000000492,8000000492,testmail_492@test.com,User1498,Test#123
User_493,User_493,9000000493,8000000493,testmail_493@test.com,User1499,Test#123
User_494,User_494,9000000494,8000000494,testmail_494@test.com,User1500,Test#123
User_495,User_495,9000000495,8000000495,testmail_495@test.com,User1501,Test#123
User_496,User_496,9000000496,8000000496,testmail_496@test.com,User1502,Test#123
User_497,User_497,9000000497,8000000497,testmail_497@test.com,User1503,Test#123
User_498,User_498,9000000498,8000000498,testmail_498@test.com,User1504,Test#123
User_499,User_499,9000000499,8000000499,testmail_499@test.com,User1505,Test#123
User_500,User_500,9000000500,8000000500,testmail_500@test.com,User1506,Test#123
