User_1,User_1,testmail_1@test.com,9000000001,8000000001,111 st josef,Mumbai,400000
User_2,User_2,testmail_2@test.com,9000000002,8000000002,112 st josef,Mumbai,400001
User_3,User_3,testmail_3@test.com,9000000003,8000000003,113 st josef,Mumbai,400002
User_4,User_4,testmail_4@test.com,9000000004,8000000004,114 st josef,Mumbai,400003
User_5,User_5,testmail_5@test.com,9000000005,8000000005,115 st josef,Mumbai,400004
User_6,User_6,testmail_6@test.com,9000000006,8000000006,116 st josef,Mumbai,400005
User_7,User_7,testmail_7@test.com,9000000007,8000000007,117 st josef,Mumbai,400006
User_8,User_8,testmail_8@test.com,9000000008,8000000008,118 st josef,Mumbai,400007
User_9,User_9,testmail_9@test.com,9000000009,8000000009,119 st josef,Mumbai,400008
User_10,User_10,testmail_10@test.com,9000000010,8000000010,120 st josef,Mumbai,400009
User_11,User_11,testmail_11@test.com,9000000011,8000000011,121 st josef,Mumbai,400010
User_12,User_12,testmail_12@test.com,9000000012,8000000012,122 st josef,Mumbai,400011
User_13,User_13,testmail_13@test.com,9000000013,8000000013,123 st josef,Mumbai,400012
User_14,User_14,testmail_14@test.com,9000000014,8000000014,124 st josef,Mumbai,400013
User_15,User_15,testmail_15@test.com,9000000015,8000000015,125 st josef,Mumbai,400014
User_16,User_16,testmail_16@test.com,9000000016,8000000016,126 st josef,Mumbai,400015
User_17,User_17,testmail_17@test.com,9000000017,8000000017,127 st josef,Mumbai,400016
User_18,User_18,testmail_18@test.com,9000000018,8000000018,128 st josef,Mumbai,400017
User_19,User_19,testmail_19@test.com,9000000019,8000000019,129 st josef,Mumbai,400018
User_20,User_20,testmail_20@test.com,9000000020,8000000020,130 st josef,Mumbai,400019
User_21,User_21,testmail_21@test.com,9000000021,8000000021,131 st josef,Mumbai,400020
User_22,User_22,testmail_22@test.com,9000000022,8000000022,132 st josef,Mumbai,400021
User_23,User_23,testmail_23@test.com,9000000023,8000000023,133 st josef,Mumbai,400022
User_24,User_24,testmail_24@test.com,9000000024,8000000024,134 st josef,Mumbai,400023
User_25,User_25,testmail_25@test.com,9000000025,8000000025,135 st josef,Mumbai,400024
User_26,User_26,testmail_26@test.com,9000000026,8000000026,136 st josef,Mumbai,400025
User_27,User_27,testmail_27@test.com,9000000027,8000000027,137 st josef,Mumbai,400026
User_28,User_28,testmail_28@test.com,9000000028,8000000028,138 st josef,Mumbai,400027
User_29,User_29,testmail_29@test.com,9000000029,8000000029,139 st josef,Mumbai,400028
User_30,User_30,testmail_30@test.com,9000000030,8000000030,140 st josef,Mumbai,400029
User_31,User_31,testmail_31@test.com,9000000031,8000000031,141 st josef,Mumbai,400030
User_32,User_32,testmail_32@test.com,9000000032,8000000032,142 st josef,Mumbai,400031
User_33,User_33,testmail_33@test.com,9000000033,8000000033,143 st josef,Mumbai,400032
User_34,User_34,testmail_34@test.com,9000000034,8000000034,144 st josef,Mumbai,400033
User_35,User_35,testmail_35@test.com,9000000035,8000000035,145 st josef,Mumbai,400034
User_36,User_36,testmail_36@test.com,9000000036,8000000036,146 st josef,Mumbai,400035
User_37,User_37,testmail_37@test.com,9000000037,8000000037,147 st josef,Mumbai,400036
User_38,User_38,testmail_38@test.com,9000000038,8000000038,148 st josef,Mumbai,400037
User_39,User_39,testmail_39@test.com,9000000039,8000000039,149 st josef,Mumbai,400038
User_40,User_40,testmail_40@test.com,9000000040,8000000040,150 st josef,Mumbai,400039
User_41,User_41,testmail_41@test.com,9000000041,8000000041,151 st josef,Mumbai,400040
User_42,User_42,testmail_42@test.com,9000000042,8000000042,152 st josef,Mumbai,400041
User_43,User_43,testmail_43@test.com,9000000043,8000000043,153 st josef,Mumbai,400042
User_44,User_44,testmail_44@test.com,9000000044,8000000044,154 st josef,Mumbai,400043
User_45,User_45,testmail_45@test.com,9000000045,8000000045,155 st josef,Mumbai,400044
User_46,User_46,testmail_46@test.com,9000000046,8000000046,156 st josef,Mumbai,400045
User_47,User_47,testmail_47@test.com,9000000047,8000000047,157 st josef,Mumbai,400046
User_48,User_48,testmail_48@test.com,9000000048,8000000048,158 st josef,Mumbai,400047
User_49,User_49,testmail_49@test.com,9000000049,8000000049,159 st josef,Mumbai,400048
User_50,User_50,testmail_50@test.com,9000000050,8000000050,160 st josef,Mumbai,400049
User_51,User_51,testmail_51@test.com,9000000051,8000000051,161 st josef,Mumbai,400050
User_52,User_52,testmail_52@test.com,9000000052,8000000052,162 st josef,Mumbai,400051
User_53,User_53,testmail_53@test.com,9000000053,8000000053,163 st josef,Mumbai,400052
User_54,User_54,testmail_54@test.com,9000000054,8000000054,164 st josef,Mumbai,400053
User_55,User_55,testmail_55@test.com,9000000055,8000000055,165 st josef,Mumbai,400054
User_56,User_56,testmail_56@test.com,9000000056,8000000056,166 st josef,Mumbai,400055
User_57,User_57,testmail_57@test.com,9000000057,8000000057,167 st josef,Mumbai,400056
User_58,User_58,testmail_58@test.com,9000000058,8000000058,168 st josef,Mumbai,400057
User_59,User_59,testmail_59@test.com,9000000059,8000000059,169 st josef,Mumbai,400058
User_60,User_60,testmail_60@test.com,9000000060,8000000060,170 st josef,Mumbai,400059
User_61,User_61,testmail_61@test.com,9000000061,8000000061,171 st josef,Mumbai,400060
User_62,User_62,testmail_62@test.com,9000000062,8000000062,172 st josef,Mumbai,400061
User_63,User_63,testmail_63@test.com,9000000063,8000000063,173 st josef,Mumbai,400062
User_64,User_64,testmail_64@test.com,9000000064,8000000064,174 st josef,Mumbai,400063
User_65,User_65,testmail_65@test.com,9000000065,8000000065,175 st josef,Mumbai,400064
User_66,User_66,testmail_66@test.com,9000000066,8000000066,176 st josef,Mumbai,400065
User_67,User_67,testmail_67@test.com,9000000067,8000000067,177 st josef,Mumbai,400066
User_68,User_68,testmail_68@test.com,9000000068,8000000068,178 st josef,Mumbai,400067
User_69,User_69,testmail_69@test.com,9000000069,8000000069,179 st josef,Mumbai,400068
User_70,User_70,testmail_70@test.com,9000000070,8000000070,180 st josef,Mumbai,400069
User_71,User_71,testmail_71@test.com,9000000071,8000000071,181 st josef,Mumbai,400070
User_72,User_72,testmail_72@test.com,9000000072,8000000072,182 st josef,Mumbai,400071
User_73,User_73,testmail_73@test.com,9000000073,8000000073,183 st josef,Mumbai,400072
User_74,User_74,testmail_74@test.com,9000000074,8000000074,184 st josef,Mumbai,400073
User_75,User_75,testmail_75@test.com,9000000075,8000000075,185 st josef,Mumbai,400074
User_76,User_76,testmail_76@test.com,9000000076,8000000076,186 st josef,Mumbai,400075
User_77,User_77,testmail_77@test.com,9000000077,8000000077,187 st josef,Mumbai,400076
User_78,User_78,testmail_78@test.com,9000000078,8000000078,188 st josef,Mumbai,400077
User_79,User_79,testmail_79@test.com,9000000079,8000000079,189 st josef,Mumbai,400078
User_80,User_80,testmail_80@test.com,9000000080,8000000080,190 st josef,Mumbai,400079
User_81,User_81,testmail_81@test.com,9000000081,8000000081,191 st josef,Mumbai,400080
User_82,User_82,testmail_82@test.com,9000000082,8000000082,192 st josef,Mumbai,400081
User_83,User_83,testmail_83@test.com,9000000083,8000000083,193 st josef,Mumbai,400082
User_84,User_84,testmail_84@test.com,9000000084,8000000084,194 st josef,Mumbai,400083
User_85,User_85,testmail_85@test.com,9000000085,8000000085,195 st josef,Mumbai,400084
User_86,User_86,testmail_86@test.com,9000000086,8000000086,196 st josef,Mumbai,400085
User_87,User_87,testmail_87@test.com,9000000087,8000000087,197 st josef,Mumbai,400086
User_88,User_88,testmail_88@test.com,9000000088,8000000088,198 st josef,Mumbai,400087
User_89,User_89,testmail_89@test.com,9000000089,8000000089,199 st josef,Mumbai,400088
User_90,User_90,testmail_90@test.com,9000000090,8000000090,200 st josef,Mumbai,400089
User_91,User_91,testmail_91@test.com,9000000091,8000000091,201 st josef,Mumbai,400090
User_92,User_92,testmail_92@test.com,9000000092,8000000092,202 st josef,Mumbai,400091
User_93,User_93,testmail_93@test.com,9000000093,8000000093,203 st josef,Mumbai,400092
User_94,User_94,testmail_94@test.com,9000000094,8000000094,204 st josef,Mumbai,400093
User_95,User_95,testmail_95@test.com,9000000095,8000000095,205 st josef,Mumbai,400094
User_96,User_96,testmail_96@test.com,9000000096,8000000096,206 st josef,Mumbai,400095
User_97,User_97,testmail_97@test.com,9000000097,8000000097,207 st josef,Mumbai,400096
User_98,User_98,testmail_98@test.com,9000000098,8000000098,208 st josef,Mumbai,400097
User_99,User_99,testmail_99@test.com,9000000099,8000000099,209 st josef,Mumbai,400098
User_100,User_100,testmail_100@test.com,9000000100,8000000100,210 st josef,Mumbai,400099
User_101,User_101,testmail_101@test.com,9000000101,8000000101,211 st josef,Mumbai,400100
User_102,User_102,testmail_102@test.com,9000000102,8000000102,212 st josef,Mumbai,400101
User_103,User_103,testmail_103@test.com,9000000103,8000000103,213 st josef,Mumbai,400102
User_104,User_104,testmail_104@test.com,9000000104,8000000104,214 st josef,Mumbai,400103
User_105,User_105,testmail_105@test.com,9000000105,8000000105,215 st josef,Mumbai,400104
User_106,User_106,testmail_106@test.com,9000000106,8000000106,216 st josef,Mumbai,400105
User_107,User_107,testmail_107@test.com,9000000107,8000000107,217 st josef,Mumbai,400106
User_108,User_108,testmail_108@test.com,9000000108,8000000108,218 st josef,Mumbai,400107
User_109,User_109,testmail_109@test.com,9000000109,8000000109,219 st josef,Mumbai,400108
User_110,User_110,testmail_110@test.com,9000000110,8000000110,220 st josef,Mumbai,400109
User_111,User_111,testmail_111@test.com,9000000111,8000000111,221 st josef,Mumbai,400110
User_112,User_112,testmail_112@test.com,9000000112,8000000112,222 st josef,Mumbai,400111
User_113,User_113,testmail_113@test.com,9000000113,8000000113,223 st josef,Mumbai,400112
User_114,User_114,testmail_114@test.com,9000000114,8000000114,224 st josef,Mumbai,400113
User_115,User_115,testmail_115@test.com,9000000115,8000000115,225 st josef,Mumbai,400114
User_116,User_116,testmail_116@test.com,9000000116,8000000116,226 st josef,Mumbai,400115
User_117,User_117,testmail_117@test.com,9000000117,8000000117,227 st josef,Mumbai,400116
User_118,User_118,testmail_118@test.com,9000000118,8000000118,228 st josef,Mumbai,400117
User_119,User_119,testmail_119@test.com,9000000119,8000000119,229 st josef,Mumbai,400118
User_120,User_120,testmail_120@test.com,9000000120,8000000120,230 st josef,Mumbai,400119
User_121,User_121,testmail_121@test.com,9000000121,8000000121,231 st josef,Mumbai,400120
User_122,User_122,testmail_122@test.com,9000000122,8000000122,232 st josef,Mumbai,400121
User_123,User_123,testmail_123@test.com,9000000123,8000000123,233 st josef,Mumbai,400122
User_124,User_124,testmail_124@test.com,9000000124,8000000124,234 st josef,Mumbai,400123
User_125,User_125,testmail_125@test.com,9000000125,8000000125,235 st josef,Mumbai,400124
User_126,User_126,testmail_126@test.com,9000000126,8000000126,236 st josef,Mumbai,400125
User_127,User_127,testmail_127@test.com,9000000127,8000000127,237 st josef,Mumbai,400126
User_128,User_128,testmail_128@test.com,9000000128,8000000128,238 st josef,Mumbai,400127
User_129,User_129,testmail_129@test.com,9000000129,8000000129,239 st josef,Mumbai,400128
User_130,User_130,testmail_130@test.com,9000000130,8000000130,240 st josef,Mumbai,400129
User_131,User_131,testmail_131@test.com,9000000131,8000000131,241 st josef,Mumbai,400130
User_132,User_132,testmail_132@test.com,9000000132,8000000132,242 st josef,Mumbai,400131
User_133,User_133,testmail_133@test.com,9000000133,8000000133,243 st josef,Mumbai,400132
User_134,User_134,testmail_134@test.com,9000000134,8000000134,244 st josef,Mumbai,400133
User_135,User_135,testmail_135@test.com,9000000135,8000000135,245 st josef,Mumbai,400134
User_136,User_136,testmail_136@test.com,9000000136,8000000136,246 st josef,Mumbai,400135
User_137,User_137,testmail_137@test.com,9000000137,8000000137,247 st josef,Mumbai,400136
User_138,User_138,testmail_138@test.com,9000000138,8000000138,248 st josef,Mumbai,400137
User_139,User_139,testmail_139@test.com,9000000139,8000000139,249 st josef,Mumbai,400138
User_140,User_140,testmail_140@test.com,9000000140,8000000140,250 st josef,Mumbai,400139
User_141,User_141,testmail_141@test.com,9000000141,8000000141,251 st josef,Mumbai,400140
User_142,User_142,testmail_142@test.com,9000000142,8000000142,252 st josef,Mumbai,400141
User_143,User_143,testmail_143@test.com,9000000143,8000000143,253 st josef,Mumbai,400142
User_144,User_144,testmail_144@test.com,9000000144,8000000144,254 st josef,Mumbai,400143
User_145,User_145,testmail_145@test.com,9000000145,8000000145,255 st josef,Mumbai,400144
User_146,User_146,testmail_146@test.com,9000000146,8000000146,256 st josef,Mumbai,400145
User_147,User_147,testmail_147@test.com,9000000147,8000000147,257 st josef,Mumbai,400146
User_148,User_148,testmail_148@test.com,9000000148,8000000148,258 st josef,Mumbai,400147
User_149,User_149,testmail_149@test.com,9000000149,8000000149,259 st josef,Mumbai,400148
User_150,User_150,testmail_150@test.com,9000000150,8000000150,260 st josef,Mumbai,400149
User_151,User_151,testmail_151@test.com,9000000151,8000000151,261 st josef,Mumbai,400150
User_152,User_152,testmail_152@test.com,9000000152,8000000152,262 st josef,Mumbai,400151
User_153,User_153,testmail_153@test.com,9000000153,8000000153,263 st josef,Mumbai,400152
User_154,User_154,testmail_154@test.com,9000000154,8000000154,264 st josef,Mumbai,400153
User_155,User_155,testmail_155@test.com,9000000155,8000000155,265 st josef,Mumbai,400154
User_156,User_156,testmail_156@test.com,9000000156,8000000156,266 st josef,Mumbai,400155
User_157,User_157,testmail_157@test.com,9000000157,8000000157,267 st josef,Mumbai,400156
User_158,User_158,testmail_158@test.com,9000000158,8000000158,268 st josef,Mumbai,400157
User_159,User_159,testmail_159@test.com,9000000159,8000000159,269 st josef,Mumbai,400158
User_160,User_160,testmail_160@test.com,9000000160,8000000160,270 st josef,Mumbai,400159
User_161,User_161,testmail_161@test.com,9000000161,8000000161,271 st josef,Mumbai,400160
User_162,User_162,testmail_162@test.com,9000000162,8000000162,272 st josef,Mumbai,400161
User_163,User_163,testmail_163@test.com,9000000163,8000000163,273 st josef,Mumbai,400162
User_164,User_164,testmail_164@test.com,9000000164,8000000164,274 st josef,Mumbai,400163
User_165,User_165,testmail_165@test.com,9000000165,8000000165,275 st josef,Mumbai,400164
User_166,User_166,testmail_166@test.com,9000000166,8000000166,276 st josef,Mumbai,400165
User_167,User_167,testmail_167@test.com,9000000167,8000000167,277 st josef,Mumbai,400166
User_168,User_168,testmail_168@test.com,9000000168,8000000168,278 st josef,Mumbai,400167
User_169,User_169,testmail_169@test.com,9000000169,8000000169,279 st josef,Mumbai,400168
User_170,User_170,testmail_170@test.com,9000000170,8000000170,280 st josef,Mumbai,400169
User_171,User_171,testmail_171@test.com,9000000171,8000000171,281 st josef,Mumbai,400170
User_172,User_172,testmail_172@test.com,9000000172,8000000172,282 st josef,Mumbai,400171
User_173,User_173,testmail_173@test.com,9000000173,8000000173,283 st josef,Mumbai,400172
User_174,User_174,testmail_174@test.com,9000000174,8000000174,284 st josef,Mumbai,400173
User_175,User_175,testmail_175@test.com,9000000175,8000000175,285 st josef,Mumbai,400174
User_176,User_176,testmail_176@test.com,9000000176,8000000176,286 st josef,Mumbai,400175
User_177,User_177,testmail_177@test.com,9000000177,8000000177,287 st josef,Mumbai,400176
User_178,User_178,testmail_178@test.com,9000000178,8000000178,288 st josef,Mumbai,400177
User_179,User_179,testmail_179@test.com,9000000179,8000000179,289 st josef,Mumbai,400178
User_180,User_180,testmail_180@test.com,9000000180,8000000180,290 st josef,Mumbai,400179
User_181,User_181,testmail_181@test.com,9000000181,8000000181,291 st josef,Mumbai,400180
User_182,User_182,testmail_182@test.com,9000000182,8000000182,292 st josef,Mumbai,400181
User_183,User_183,testmail_183@test.com,9000000183,8000000183,293 st josef,Mumbai,400182
User_184,User_184,testmail_184@test.com,9000000184,8000000184,294 st josef,Mumbai,400183
User_185,User_185,testmail_185@test.com,9000000185,8000000185,295 st josef,Mumbai,400184
User_186,User_186,testmail_186@test.com,9000000186,8000000186,296 st josef,Mumbai,400185
User_187,User_187,testmail_187@test.com,9000000187,8000000187,297 st josef,Mumbai,400186
User_188,User_188,testmail_188@test.com,9000000188,8000000188,298 st josef,Mumbai,400187
User_189,User_189,testmail_189@test.com,9000000189,8000000189,299 st josef,Mumbai,400188
User_190,User_190,testmail_190@test.com,9000000190,8000000190,300 st josef,Mumbai,400189
User_191,User_191,testmail_191@test.com,9000000191,8000000191,301 st josef,Mumbai,400190
User_192,User_192,testmail_192@test.com,9000000192,8000000192,302 st josef,Mumbai,400191
User_193,User_193,testmail_193@test.com,9000000193,8000000193,303 st josef,Mumbai,400192
User_194,User_194,testmail_194@test.com,9000000194,8000000194,304 st josef,Mumbai,400193
User_195,User_195,testmail_195@test.com,9000000195,8000000195,305 st josef,Mumbai,400194
User_196,User_196,testmail_196@test.com,9000000196,8000000196,306 st josef,Mumbai,400195
User_197,User_197,testmail_197@test.com,9000000197,8000000197,307 st josef,Mumbai,400196
User_198,User_198,testmail_198@test.com,9000000198,8000000198,308 st josef,Mumbai,400197
User_199,User_199,testmail_199@test.com,9000000199,8000000199,309 st josef,Mumbai,400198
User_200,User_200,testmail_200@test.com,9000000200,8000000200,310 st josef,Mumbai,400199
User_201,User_201,testmail_201@test.com,9000000201,8000000201,311 st josef,Mumbai,400200
User_202,User_202,testmail_202@test.com,9000000202,8000000202,312 st josef,Mumbai,400201
User_203,User_203,testmail_203@test.com,9000000203,8000000203,313 st josef,Mumbai,400202
User_204,User_204,testmail_204@test.com,9000000204,8000000204,314 st josef,Mumbai,400203
User_205,User_205,testmail_205@test.com,9000000205,8000000205,315 st josef,Mumbai,400204
User_206,User_206,testmail_206@test.com,9000000206,8000000206,316 st josef,Mumbai,400205
User_207,User_207,testmail_207@test.com,9000000207,8000000207,317 st josef,Mumbai,400206
User_208,User_208,testmail_208@test.com,9000000208,8000000208,318 st josef,Mumbai,400207
User_209,User_209,testmail_209@test.com,9000000209,8000000209,319 st josef,Mumbai,400208
User_210,User_210,testmail_210@test.com,9000000210,8000000210,320 st josef,Mumbai,400209
User_211,User_211,testmail_211@test.com,9000000211,8000000211,321 st josef,Mumbai,400210
User_212,User_212,testmail_212@test.com,9000000212,8000000212,322 st josef,Mumbai,400211
User_213,User_213,testmail_213@test.com,9000000213,8000000213,323 st josef,Mumbai,400212
User_214,User_214,testmail_214@test.com,9000000214,8000000214,324 st josef,Mumbai,400213
User_215,User_215,testmail_215@test.com,9000000215,8000000215,325 st josef,Mumbai,400214
User_216,User_216,testmail_216@test.com,9000000216,8000000216,326 st josef,Mumbai,400215
User_217,User_217,testmail_217@test.com,9000000217,8000000217,327 st josef,Mumbai,400216
User_218,User_218,testmail_218@test.com,9000000218,8000000218,328 st josef,Mumbai,400217
User_219,User_219,testmail_219@test.com,9000000219,8000000219,329 st josef,Mumbai,400218
User_220,User_220,testmail_220@test.com,9000000220,8000000220,330 st josef,Mumbai,400219
User_221,User_221,testmail_221@test.com,9000000221,8000000221,331 st josef,Mumbai,400220
User_222,User_222,testmail_222@test.com,9000000222,8000000222,332 st josef,Mumbai,400221
User_223,User_223,testmail_223@test.com,9000000223,8000000223,333 st josef,Mumbai,400222
User_224,User_224,testmail_224@test.com,9000000224,8000000224,334 st josef,Mumbai,400223
User_225,User_225,testmail_225@test.com,9000000225,8000000225,335 st josef,Mumbai,400224
User_226,User_226,testmail_226@test.com,9000000226,8000000226,336 st josef,Mumbai,400225
User_227,User_227,testmail_227@test.com,9000000227,8000000227,337 st josef,Mumbai,400226
User_228,User_228,testmail_228@test.com,9000000228,8000000228,338 st josef,Mumbai,400227
User_229,User_229,testmail_229@test.com,9000000229,8000000229,339 st josef,Mumbai,400228
User_230,User_230,testmail_230@test.com,9000000230,8000000230,340 st josef,Mumbai,400229
User_231,User_231,testmail_231@test.com,9000000231,8000000231,341 st josef,Mumbai,400230
User_232,User_232,testmail_232@test.com,9000000232,8000000232,342 st josef,Mumbai,400231
User_233,User_233,testmail_233@test.com,9000000233,8000000233,343 st josef,Mumbai,400232
User_234,User_234,testmail_234@test.com,9000000234,8000000234,344 st josef,Mumbai,400233
User_235,User_235,testmail_235@test.com,9000000235,8000000235,345 st josef,Mumbai,400234
User_236,User_236,testmail_236@test.com,9000000236,8000000236,346 st josef,Mumbai,400235
User_237,User_237,testmail_237@test.com,9000000237,8000000237,347 st josef,Mumbai,400236
User_238,User_238,testmail_238@test.com,9000000238,8000000238,348 st josef,Mumbai,400237
User_239,User_239,testmail_239@test.com,9000000239,8000000239,349 st josef,Mumbai,400238
User_240,User_240,testmail_240@test.com,9000000240,8000000240,350 st josef,Mumbai,400239
User_241,User_241,testmail_241@test.com,9000000241,8000000241,351 st josef,Mumbai,400240
User_242,User_242,testmail_242@test.com,9000000242,8000000242,352 st josef,Mumbai,400241
User_243,User_243,testmail_243@test.com,9000000243,8000000243,353 st josef,Mumbai,400242
User_244,User_244,testmail_244@test.com,9000000244,8000000244,354 st josef,Mumbai,400243
User_245,User_245,testmail_245@test.com,9000000245,8000000245,355 st josef,Mumbai,400244
User_246,User_246,testmail_246@test.com,9000000246,8000000246,356 st josef,Mumbai,400245
User_247,User_247,testmail_247@test.com,9000000247,8000000247,357 st josef,Mumbai,400246
User_248,User_248,testmail_248@test.com,9000000248,8000000248,358 st josef,Mumbai,400247
User_249,User_249,testmail_249@test.com,9000000249,8000000249,359 st josef,Mumbai,400248
User_250,User_250,testmail_250@test.com,9000000250,8000000250,360 st josef,Mumbai,400249
User_251,User_251,testmail_251@test.com,9000000251,8000000251,361 st josef,Mumbai,400250
User_252,User_252,testmail_252@test.com,9000000252,8000000252,362 st josef,Mumbai,400251
User_253,User_253,testmail_253@test.com,9000000253,8000000253,363 st josef,Mumbai,400252
User_254,User_254,testmail_254@test.com,9000000254,8000000254,364 st josef,Mumbai,400253
User_255,User_255,testmail_255@test.com,9000000255,8000000255,365 st josef,Mumbai,400254
User_256,User_256,testmail_256@test.com,9000000256,8000000256,366 st josef,Mumbai,400255
User_257,User_257,testmail_257@test.com,9000000257,8000000257,367 st josef,Mumbai,400256
User_258,User_258,testmail_258@test.com,9000000258,8000000258,368 st josef,Mumbai,400257
User_259,User_259,testmail_259@test.com,9000000259,8000000259,369 st josef,Mumbai,400258
User_260,User_260,testmail_260@test.com,9000000260,8000000260,370 st josef,Mumbai,400259
User_261,User_261,testmail_261@test.com,9000000261,8000000261,371 st josef,Mumbai,400260
User_262,User_262,testmail_262@test.com,9000000262,8000000262,372 st josef,Mumbai,400261
User_263,User_263,testmail_263@test.com,9000000263,8000000263,373 st josef,Mumbai,400262
User_264,User_264,testmail_264@test.com,9000000264,8000000264,374 st josef,Mumbai,400263
User_265,User_265,testmail_265@test.com,9000000265,8000000265,375 st josef,Mumbai,400264
User_266,User_266,testmail_266@test.com,9000000266,8000000266,376 st josef,Mumbai,400265
User_267,User_267,testmail_267@test.com,9000000267,8000000267,377 st josef,Mumbai,400266
User_268,User_268,testmail_268@test.com,9000000268,8000000268,378 st josef,Mumbai,400267
User_269,User_269,testmail_269@test.com,9000000269,8000000269,379 st josef,Mumbai,400268
User_270,User_270,testmail_270@test.com,9000000270,8000000270,380 st josef,Mumbai,400269
User_271,User_271,testmail_271@test.com,9000000271,8000000271,381 st josef,Mumbai,400270
User_272,User_272,testmail_272@test.com,9000000272,8000000272,382 st josef,Mumbai,400271
User_273,User_273,testmail_273@test.com,9000000273,8000000273,383 st josef,Mumbai,400272
User_274,User_274,testmail_274@test.com,9000000274,8000000274,384 st josef,Mumbai,400273
User_275,User_275,testmail_275@test.com,9000000275,8000000275,385 st josef,Mumbai,400274
User_276,User_276,testmail_276@test.com,9000000276,8000000276,386 st josef,Mumbai,400275
User_277,User_277,testmail_277@test.com,9000000277,8000000277,387 st josef,Mumbai,400276
User_278,User_278,testmail_278@test.com,9000000278,8000000278,388 st josef,Mumbai,400277
User_279,User_279,testmail_279@test.com,9000000279,8000000279,389 st josef,Mumbai,400278
User_280,User_280,testmail_280@test.com,9000000280,8000000280,390 st josef,Mumbai,400279
User_281,User_281,testmail_281@test.com,9000000281,8000000281,391 st josef,Mumbai,400280
User_282,User_282,testmail_282@test.com,9000000282,8000000282,392 st josef,Mumbai,400281
User_283,User_283,testmail_283@test.com,9000000283,8000000283,393 st josef,Mumbai,400282
User_284,User_284,testmail_284@test.com,9000000284,8000000284,394 st josef,Mumbai,400283
User_285,User_285,testmail_285@test.com,9000000285,8000000285,395 st josef,Mumbai,400284
User_286,User_286,testmail_286@test.com,9000000286,8000000286,396 st josef,Mumbai,400285
User_287,User_287,testmail_287@test.com,9000000287,8000000287,397 st josef,Mumbai,400286
User_288,User_288,testmail_288@test.com,9000000288,8000000288,398 st josef,Mumbai,400287
User_289,User_289,testmail_289@test.com,9000000289,8000000289,399 st josef,Mumbai,400288
User_290,User_290,testmail_290@test.com,9000000290,8000000290,400 st josef,Mumbai,400289
User_291,User_291,testmail_291@test.com,9000000291,8000000291,401 st josef,Mumbai,400290
User_292,User_292,testmail_292@test.com,9000000292,8000000292,402 st josef,Mumbai,400291
User_293,User_293,testmail_293@test.com,9000000293,8000000293,403 st josef,Mumbai,400292
User_294,User_294,testmail_294@test.com,9000000294,8000000294,404 st josef,Mumbai,400293
User_295,User_295,testmail_295@test.com,9000000295,8000000295,405 st josef,Mumbai,400294
User_296,User_296,testmail_296@test.com,9000000296,8000000296,406 st josef,Mumbai,400295
User_297,User_297,testmail_297@test.com,9000000297,8000000297,407 st josef,Mumbai,400296
User_298,User_298,testmail_298@test.com,9000000298,8000000298,408 st josef,Mumbai,400297
User_299,User_299,testmail_299@test.com,9000000299,8000000299,409 st josef,Mumbai,400298
User_300,User_300,testmail_300@test.com,9000000300,8000000300,410 st josef,Mumbai,400299
User_301,User_301,testmail_301@test.com,9000000301,8000000301,411 st josef,Mumbai,400300
User_302,User_302,testmail_302@test.com,9000000302,8000000302,412 st josef,Mumbai,400301
User_303,User_303,testmail_303@test.com,9000000303,8000000303,413 st josef,Mumbai,400302
User_304,User_304,testmail_304@test.com,9000000304,8000000304,414 st josef,Mumbai,400303
User_305,User_305,testmail_305@test.com,9000000305,8000000305,415 st josef,Mumbai,400304
User_306,User_306,testmail_306@test.com,9000000306,8000000306,416 st josef,Mumbai,400305
User_307,User_307,testmail_307@test.com,9000000307,8000000307,417 st josef,Mumbai,400306
User_308,User_308,testmail_308@test.com,9000000308,8000000308,418 st josef,Mumbai,400307
User_309,User_309,testmail_309@test.com,9000000309,8000000309,419 st josef,Mumbai,400308
User_310,User_310,testmail_310@test.com,9000000310,8000000310,420 st josef,Mumbai,400309
User_311,User_311,testmail_311@test.com,9000000311,8000000311,421 st josef,Mumbai,400310
User_312,User_312,testmail_312@test.com,9000000312,8000000312,422 st josef,Mumbai,400311
User_313,User_313,testmail_313@test.com,9000000313,8000000313,423 st josef,Mumbai,400312
User_314,User_314,testmail_314@test.com,9000000314,8000000314,424 st josef,Mumbai,400313
User_315,User_315,testmail_315@test.com,9000000315,8000000315,425 st josef,Mumbai,400314
User_316,User_316,testmail_316@test.com,9000000316,8000000316,426 st josef,Mumbai,400315
User_317,User_317,testmail_317@test.com,9000000317,8000000317,427 st josef,Mumbai,400316
User_318,User_318,testmail_318@test.com,9000000318,8000000318,428 st josef,Mumbai,400317
User_319,User_319,testmail_319@test.com,9000000319,8000000319,429 st josef,Mumbai,400318
User_320,User_320,testmail_320@test.com,9000000320,8000000320,430 st josef,Mumbai,400319
User_321,User_321,testmail_321@test.com,9000000321,8000000321,431 st josef,Mumbai,400320
User_322,User_322,testmail_322@test.com,9000000322,8000000322,432 st josef,Mumbai,400321
User_323,User_323,testmail_323@test.com,9000000323,8000000323,433 st josef,Mumbai,400322
User_324,User_324,testmail_324@test.com,9000000324,8000000324,434 st josef,Mumbai,400323
User_325,User_325,testmail_325@test.com,9000000325,8000000325,435 st josef,Mumbai,400324
User_326,User_326,testmail_326@test.com,9000000326,8000000326,436 st josef,Mumbai,400325
User_327,User_327,testmail_327@test.com,9000000327,8000000327,437 st josef,Mumbai,400326
User_328,User_328,testmail_328@test.com,9000000328,8000000328,438 st josef,Mumbai,400327
User_329,User_329,testmail_329@test.com,9000000329,8000000329,439 st josef,Mumbai,400328
User_330,User_330,testmail_330@test.com,9000000330,8000000330,440 st josef,Mumbai,400329
User_331,User_331,testmail_331@test.com,9000000331,8000000331,441 st josef,Mumbai,400330
User_332,User_332,testmail_332@test.com,9000000332,8000000332,442 st josef,Mumbai,400331
User_333,User_333,testmail_333@test.com,9000000333,8000000333,443 st josef,Mumbai,400332
User_334,User_334,testmail_334@test.com,9000000334,8000000334,444 st josef,Mumbai,400333
User_335,User_335,testmail_335@test.com,9000000335,8000000335,445 st josef,Mumbai,400334
User_336,User_336,testmail_336@test.com,9000000336,8000000336,446 st josef,Mumbai,400335
User_337,User_337,testmail_337@test.com,9000000337,8000000337,447 st josef,Mumbai,400336
User_338,User_338,testmail_338@test.com,9000000338,8000000338,448 st josef,Mumbai,400337
User_339,User_339,testmail_339@test.com,9000000339,8000000339,449 st josef,Mumbai,400338
User_340,User_340,testmail_340@test.com,9000000340,8000000340,450 st josef,Mumbai,400339
User_341,User_341,testmail_341@test.com,9000000341,8000000341,451 st josef,Mumbai,400340
User_342,User_342,testmail_342@test.com,9000000342,8000000342,452 st josef,Mumbai,400341
User_343,User_343,testmail_343@test.com,9000000343,8000000343,453 st josef,Mumbai,400342
User_344,User_344,testmail_344@test.com,9000000344,8000000344,454 st josef,Mumbai,400343
User_345,User_345,testmail_345@test.com,9000000345,8000000345,455 st josef,Mumbai,400344
User_346,User_346,testmail_346@test.com,9000000346,8000000346,456 st josef,Mumbai,400345
User_347,User_347,testmail_347@test.com,9000000347,8000000347,457 st josef,Mumbai,400346
User_348,User_348,testmail_348@test.com,9000000348,8000000348,458 st josef,Mumbai,400347
User_349,User_349,testmail_349@test.com,9000000349,8000000349,459 st josef,Mumbai,400348
User_350,User_350,testmail_350@test.com,9000000350,8000000350,460 st josef,Mumbai,400349
User_351,User_351,testmail_351@test.com,9000000351,8000000351,461 st josef,Mumbai,400350
User_352,User_352,testmail_352@test.com,9000000352,8000000352,462 st josef,Mumbai,400351
User_353,User_353,testmail_353@test.com,9000000353,8000000353,463 st josef,Mumbai,400352
User_354,User_354,testmail_354@test.com,9000000354,8000000354,464 st josef,Mumbai,400353
User_355,User_355,testmail_355@test.com,9000000355,8000000355,465 st josef,Mumbai,400354
User_356,User_356,testmail_356@test.com,9000000356,8000000356,466 st josef,Mumbai,400355
User_357,User_357,testmail_357@test.com,9000000357,8000000357,467 st josef,Mumbai,400356
User_358,User_358,testmail_358@test.com,9000000358,8000000358,468 st josef,Mumbai,400357
User_359,User_359,testmail_359@test.com,9000000359,8000000359,469 st josef,Mumbai,400358
User_360,User_360,testmail_360@test.com,9000000360,8000000360,470 st josef,Mumbai,400359
User_361,User_361,testmail_361@test.com,9000000361,8000000361,471 st josef,Mumbai,400360
User_362,User_362,testmail_362@test.com,9000000362,8000000362,472 st josef,Mumbai,400361
User_363,User_363,testmail_363@test.com,9000000363,8000000363,473 st josef,Mumbai,400362
User_364,User_364,testmail_364@test.com,9000000364,8000000364,474 st josef,Mumbai,400363
User_365,User_365,testmail_365@test.com,9000000365,8000000365,475 st josef,Mumbai,400364
User_366,User_366,testmail_366@test.com,9000000366,8000000366,476 st josef,Mumbai,400365
User_367,User_367,testmail_367@test.com,9000000367,8000000367,477 st josef,Mumbai,400366
User_368,User_368,testmail_368@test.com,9000000368,8000000368,478 st josef,Mumbai,400367
User_369,User_369,testmail_369@test.com,9000000369,8000000369,479 st josef,Mumbai,400368
User_370,User_370,testmail_370@test.com,9000000370,8000000370,480 st josef,Mumbai,400369
User_371,User_371,testmail_371@test.com,9000000371,8000000371,481 st josef,Mumbai,400370
User_372,User_372,testmail_372@test.com,9000000372,8000000372,482 st josef,Mumbai,400371
User_373,User_373,testmail_373@test.com,9000000373,8000000373,483 st josef,Mumbai,400372
User_374,User_374,testmail_374@test.com,9000000374,8000000374,484 st josef,Mumbai,400373
User_375,User_375,testmail_375@test.com,9000000375,8000000375,485 st josef,Mumbai,400374
User_376,User_376,testmail_376@test.com,9000000376,8000000376,486 st josef,Mumbai,400375
User_377,User_377,testmail_377@test.com,9000000377,8000000377,487 st josef,Mumbai,400376
User_378,User_378,testmail_378@test.com,9000000378,8000000378,488 st josef,Mumbai,400377
User_379,User_379,testmail_379@test.com,9000000379,8000000379,489 st josef,Mumbai,400378
User_380,User_380,testmail_380@test.com,9000000380,8000000380,490 st josef,Mumbai,400379
User_381,User_381,testmail_381@test.com,9000000381,8000000381,491 st josef,Mumbai,400380
User_382,User_382,testmail_382@test.com,9000000382,8000000382,492 st josef,Mumbai,400381
User_383,User_383,testmail_383@test.com,9000000383,8000000383,493 st josef,Mumbai,400382
User_384,User_384,testmail_384@test.com,9000000384,8000000384,494 st josef,Mumbai,400383
User_385,User_385,testmail_385@test.com,9000000385,8000000385,495 st josef,Mumbai,400384
User_386,User_386,testmail_386@test.com,9000000386,8000000386,496 st josef,Mumbai,400385
User_387,User_387,testmail_387@test.com,9000000387,8000000387,497 st josef,Mumbai,400386
User_388,User_388,testmail_388@test.com,9000000388,8000000388,498 st josef,Mumbai,400387
User_389,User_389,testmail_389@test.com,9000000389,8000000389,499 st josef,Mumbai,400388
User_390,User_390,testmail_390@test.com,9000000390,8000000390,500 st josef,Mumbai,400389
User_391,User_391,testmail_391@test.com,9000000391,8000000391,501 st josef,Mumbai,400390
User_392,User_392,testmail_392@test.com,9000000392,8000000392,502 st josef,Mumbai,400391
User_393,User_393,testmail_393@test.com,9000000393,8000000393,503 st josef,Mumbai,400392
User_394,User_394,testmail_394@test.com,9000000394,8000000394,504 st josef,Mumbai,400393
User_395,User_395,testmail_395@test.com,9000000395,8000000395,505 st josef,Mumbai,400394
User_396,User_396,testmail_396@test.com,9000000396,8000000396,506 st josef,Mumbai,400395
User_397,User_397,testmail_397@test.com,9000000397,8000000397,507 st josef,Mumbai,400396
User_398,User_398,testmail_398@test.com,9000000398,8000000398,508 st josef,Mumbai,400397
User_399,User_399,testmail_399@test.com,9000000399,8000000399,509 st josef,Mumbai,400398
User_400,User_400,testmail_400@test.com,9000000400,8000000400,510 st josef,Mumbai,400399
User_401,User_401,testmail_401@test.com,9000000401,8000000401,511 st josef,Mumbai,400400
User_402,User_402,testmail_402@test.com,9000000402,8000000402,512 st josef,Mumbai,400401
User_403,User_403,testmail_403@test.com,9000000403,8000000403,513 st josef,Mumbai,400402
User_404,User_404,testmail_404@test.com,9000000404,8000000404,514 st josef,Mumbai,400403
User_405,User_405,testmail_405@test.com,9000000405,8000000405,515 st josef,Mumbai,400404
User_406,User_406,testmail_406@test.com,9000000406,8000000406,516 st josef,Mumbai,400405
User_407,User_407,testmail_407@test.com,9000000407,8000000407,517 st josef,Mumbai,400406
User_408,User_408,testmail_408@test.com,9000000408,8000000408,518 st josef,Mumbai,400407
User_409,User_409,testmail_409@test.com,9000000409,8000000409,519 st josef,Mumbai,400408
User_410,User_410,testmail_410@test.com,9000000410,8000000410,520 st josef,Mumbai,400409
User_411,User_411,testmail_411@test.com,9000000411,8000000411,521 st josef,Mumbai,400410
User_412,User_412,testmail_412@test.com,9000000412,8000000412,522 st josef,Mumbai,400411
User_413,User_413,testmail_413@test.com,9000000413,8000000413,523 st josef,Mumbai,400412
User_414,User_414,testmail_414@test.com,9000000414,8000000414,524 st josef,Mumbai,400413
User_415,User_415,testmail_415@test.com,9000000415,8000000415,525 st josef,Mumbai,400414
User_416,User_416,testmail_416@test.com,9000000416,8000000416,526 st josef,Mumbai,400415
User_417,User_417,testmail_417@test.com,9000000417,8000000417,527 st josef,Mumbai,400416
User_418,User_418,testmail_418@test.com,9000000418,8000000418,528 st josef,Mumbai,400417
User_419,User_419,testmail_419@test.com,9000000419,8000000419,529 st josef,Mumbai,400418
User_420,User_420,testmail_420@test.com,9000000420,8000000420,530 st josef,Mumbai,400419
User_421,User_421,testmail_421@test.com,9000000421,8000000421,531 st josef,Mumbai,400420
User_422,User_422,testmail_422@test.com,9000000422,8000000422,532 st josef,Mumbai,400421
User_423,User_423,testmail_423@test.com,9000000423,8000000423,533 st josef,Mumbai,400422
User_424,User_424,testmail_424@test.com,9000000424,8000000424,534 st josef,Mumbai,400423
User_425,User_425,testmail_425@test.com,9000000425,8000000425,535 st josef,Mumbai,400424
User_426,User_426,testmail_426@test.com,9000000426,8000000426,536 st josef,Mumbai,400425
User_427,User_427,testmail_427@test.com,9000000427,8000000427,537 st josef,Mumbai,400426
User_428,User_428,testmail_428@test.com,9000000428,8000000428,538 st josef,Mumbai,400427
User_429,User_429,testmail_429@test.com,9000000429,8000000429,539 st josef,Mumbai,400428
User_430,User_430,testmail_430@test.com,9000000430,8000000430,540 st josef,Mumbai,400429
User_431,User_431,testmail_431@test.com,9000000431,8000000431,541 st josef,Mumbai,400430
User_432,User_432,testmail_432@test.com,9000000432,8000000432,542 st josef,Mumbai,400431
User_433,User_433,testmail_433@test.com,9000000433,8000000433,543 st josef,Mumbai,400432
User_434,User_434,testmail_434@test.com,9000000434,8000000434,544 st josef,Mumbai,400433
User_435,User_435,testmail_435@test.com,9000000435,8000000435,545 st josef,Mumbai,400434
User_436,User_436,testmail_436@test.com,9000000436,8000000436,546 st josef,Mumbai,400435
User_437,User_437,testmail_437@test.com,9000000437,8000000437,547 st josef,Mumbai,400436
User_438,User_438,testmail_438@test.com,9000000438,8000000438,548 st josef,Mumbai,400437
User_439,User_439,testmail_439@test.com,9000000439,8000000439,549 st josef,Mumbai,400438
User_440,User_440,testmail_440@test.com,9000000440,8000000440,550 st josef,Mumbai,400439
User_441,User_441,testmail_441@test.com,9000000441,8000000441,551 st josef,Mumbai,400440
User_442,User_442,testmail_442@test.com,9000000442,8000000442,552 st josef,Mumbai,400441
User_443,User_443,testmail_443@test.com,9000000443,8000000443,553 st josef,Mumbai,400442
User_444,User_444,testmail_444@test.com,9000000444,8000000444,554 st josef,Mumbai,400443
User_445,User_445,testmail_445@test.com,9000000445,8000000445,555 st josef,Mumbai,400444
User_446,User_446,testmail_446@test.com,9000000446,8000000446,556 st josef,Mumbai,400445
User_447,User_447,testmail_447@test.com,9000000447,8000000447,557 st josef,Mumbai,400446
User_448,User_448,testmail_448@test.com,9000000448,8000000448,558 st josef,Mumbai,400447
User_449,User_449,testmail_449@test.com,9000000449,8000000449,559 st josef,Mumbai,400448
User_450,User_450,testmail_450@test.com,9000000450,8000000450,560 st josef,Mumbai,400449
User_451,User_451,testmail_451@test.com,9000000451,8000000451,561 st josef,Mumbai,400450
User_452,User_452,testmail_452@test.com,9000000452,8000000452,562 st josef,Mumbai,400451
User_453,User_453,testmail_453@test.com,9000000453,8000000453,563 st josef,Mumbai,400452
User_454,User_454,testmail_454@test.com,9000000454,8000000454,564 st josef,Mumbai,400453
User_455,User_455,testmail_455@test.com,9000000455,8000000455,565 st josef,Mumbai,400454
User_456,User_456,testmail_456@test.com,9000000456,8000000456,566 st josef,Mumbai,400455
User_457,User_457,testmail_457@test.com,9000000457,8000000457,567 st josef,Mumbai,400456
User_458,User_458,testmail_458@test.com,9000000458,8000000458,568 st josef,Mumbai,400457
User_459,User_459,testmail_459@test.com,9000000459,8000000459,569 st josef,Mumbai,400458
User_460,User_460,testmail_460@test.com,9000000460,8000000460,570 st josef,Mumbai,400459
User_461,User_461,testmail_461@test.com,9000000461,8000000461,571 st josef,Mumbai,400460
User_462,User_462,testmail_462@test.com,9000000462,8000000462,572 st josef,Mumbai,400461
User_463,User_463,testmail_463@test.com,9000000463,8000000463,573 st josef,Mumbai,400462
User_464,User_464,testmail_464@test.com,9000000464,8000000464,574 st josef,Mumbai,400463
User_465,User_465,testmail_465@test.com,9000000465,8000000465,575 st josef,Mumbai,400464
User_466,User_466,testmail_466@test.com,9000000466,8000000466,576 st josef,Mumbai,400465
User_467,User_467,testmail_467@test.com,9000000467,8000000467,577 st josef,Mumbai,400466
User_468,User_468,testmail_468@test.com,9000000468,8000000468,578 st josef,Mumbai,400467
User_469,User_469,testmail_469@test.com,9000000469,8000000469,579 st josef,Mumbai,400468
User_470,User_470,testmail_470@test.com,9000000470,8000000470,580 st josef,Mumbai,400469
User_471,User_471,testmail_471@test.com,9000000471,8000000471,581 st josef,Mumbai,400470
User_472,User_472,testmail_472@test.com,9000000472,8000000472,582 st josef,Mumbai,400471
User_473,User_473,testmail_473@test.com,9000000473,8000000473,583 st josef,Mumbai,400472
User_474,User_474,testmail_474@test.com,9000000474,8000000474,584 st josef,Mumbai,400473
User_475,User_475,testmail_475@test.com,9000000475,8000000475,585 st josef,Mumbai,400474
User_476,User_476,testmail_476@test.com,9000000476,8000000476,586 st josef,Mumbai,400475
User_477,User_477,testmail_477@test.com,9000000477,8000000477,587 st josef,Mumbai,400476
User_478,User_478,testmail_478@test.com,9000000478,8000000478,588 st josef,Mumbai,400477
User_479,User_479,testmail_479@test.com,9000000479,8000000479,589 st josef,Mumbai,400478
User_480,User_480,testmail_480@test.com,9000000480,8000000480,590 st josef,Mumbai,400479
User_481,User_481,testmail_481@test.com,9000000481,8000000481,591 st josef,Mumbai,400480
User_482,User_482,testmail_482@test.com,9000000482,8000000482,592 st josef,Mumbai,400481
User_483,User_483,testmail_483@test.com,9000000483,8000000483,593 st josef,Mumbai,400482
User_484,User_484,testmail_484@test.com,9000000484,8000000484,594 st josef,Mumbai,400483
User_485,User_485,testmail_485@test.com,9000000485,8000000485,595 st josef,Mumbai,400484
User_486,User_486,testmail_486@test.com,9000000486,8000000486,596 st josef,Mumbai,400485
User_487,User_487,testmail_487@test.com,9000000487,8000000487,597 st josef,Mumbai,400486
User_488,User_488,testmail_488@test.com,9000000488,8000000488,598 st josef,Mumbai,400487
User_489,User_489,testmail_489@test.com,9000000489,8000000489,599 st josef,Mumbai,400488
User_490,User_490,testmail_490@test.com,9000000490,8000000490,600 st josef,Mumbai,400489
User_491,User_491,testmail_491@test.com,9000000491,8000000491,601 st josef,Mumbai,400490
User_492,User_492,testmail_492@test.com,9000000492,8000000492,602 st josef,Mumbai,400491
User_493,User_493,testmail_493@test.com,9000000493,8000000493,603 st josef,Mumbai,400492
User_494,User_494,testmail_494@test.com,9000000494,8000000494,604 st josef,Mumbai,400493
User_495,User_495,testmail_495@test.com,9000000495,8000000495,605 st josef,Mumbai,400494
User_496,User_496,testmail_496@test.com,9000000496,8000000496,606 st josef,Mumbai,400495
User_497,User_497,testmail_497@test.com,9000000497,8000000497,607 st josef,Mumbai,400496
User_498,User_498,testmail_498@test.com,9000000498,8000000498,608 st josef,Mumbai,400497
User_499,User_499,testmail_499@test.com,9000000499,8000000499,609 st josef,Mumbai,400498
User_500,User_500,testmail_500@test.com,9000000500,8000000500,610 st josef,Mumbai,400499
